asin,product_title,brand,topic,final_winner,a_wins,b_wins,reasoning_AB,reasoning_BA
B002RXXOX8,"Davison Guitars Full Size Electric Guitar with 10-Watt Amp, Black - Right Handed Beginner Kit with Gig Bag and Accessories",Davison Guitars,Tuning stability,B,0,2,"Both ads aim to reassure consumers about tuning stability, but Ad 2 provides a more specific and credible reason by mentioning the adjustable chrome bridge, which directly supports the claim. Ad 1 focuses on the emotional benefit of uninterrupted play, but lacks a concrete feature to back it up, making it feel vaguer. Ad 2 also acknowledges the common frustration of beginner guitars that don’t hold pitch, which resonates with potential buyers’ concerns and builds trust. While Ad 1 has a smoother flow, Ad 2’s combination of problem recognition and a tangible selling point gives it stronger persuasive pull.","Ad 1 directly addresses a common pain point for beginners—frustration from poor tuning stability—and offers a specific, credible mechanism (adjustable chrome bridge) to solve it. This combination of emotional resonance (less frustration) and concrete reasoning gives it stronger persuasive pull. Ad 2 focuses on maintaining flow during play, which is appealing but lacks a tangible feature to back up the claim, making it less convincing. Overall, Ad 1's blend of problem-solution and specificity makes it more effective at moving a consumer toward purchase."
B002RXXOX8,"Davison Guitars Full Size Electric Guitar with 10-Watt Amp, Black - Right Handed Beginner Kit with Gig Bag and Accessories",Davison Guitars,Fret / neck setup,B,0,2,"** Both ads effectively highlight the playability and adjustability of the Davison guitar's fret/neck setup, but they differ in approach. AD 1 uses confident, benefit-driven language (""smooth fretting,"" ""riffs come together faster"") that appeals to a desire for immediate progress and enjoyment. AD 2 begins by acknowledging a common pain point—beginners often receive guitars that aren't ready to play—then positions this kit as the solution, which builds trust and reduces buyer anxiety. Given the mixed reviews about fret issues (which should not penalize the ad itself), AD 2's empathetic framing and focus on confidence and fewer distractions make it slightly more persuasive for a cautious beginner audience.

**WINNER: 2**","AD 1 directly addresses a common pain point for beginners—uncomfortable or poorly set-up guitars—and uses specific, concrete features (maple neck, finely finished fretboard, adjustable bridge) to build credibility and reassurance. Its opening contrast (“Not every beginner electric arrives ready to feel comfortable”) creates a stronger emotional hook by acknowledging a known risk, then offering a solution that reduces distractions and builds confidence. AD 2 is competent and positive, but its language is more generic (“smooth fretting,” “easy-playing neck”) and lacks the same specific, actionable detail. While both ads highlight adjustability, AD 1’s focus on dialing in the setup and supporting steady practice makes it more persuasive for a wary consumer."
B002RXXOX8,"Davison Guitars Full Size Electric Guitar with 10-Watt Amp, Black - Right Handed Beginner Kit with Gig Bag and Accessories",Davison Guitars,String quality,B,0,2,"Both ads target new guitar players concerned about string quality. AD1 focuses on a positive, feel-good experience (""smooth, playable strings"") but doesn't directly address the common issue of strings breaking or failing during tuning, which appears in several reviews. AD2 explicitly acknowledges that frustration (""not every beginner guitar stays dependable through tuning"") and promises a reliable, ready-to-play setup, which builds trust and directly counters a real concern. This makes AD2 more emotionally resonant and convincing, as it speaks to a specific pain point while offering a solution. AD1 is pleasant but less compelling given the product's potential string issues.",
B006CYVD5E,"Directly Cheap 6 String Acoustic Guitar Pack, Right Handed, Red (000-BT-GA3810R-RDS+Lessons)",Directly Cheap,Customer service / returns,B,0,2,"Ad 2 directly addresses the core concern revealed in the negative reviews—broken or incomplete items and difficult returns—by explicitly promising responsive customer service and a clear return/refund process. This creates a stronger emotional reassurance for wary consumers, especially after reading negative experiences. Ad 1 focuses on a positive, smooth purchase experience, but lacks the specific, trust-building language that counters the real risks highlighted in the feedback. Because the product has documented issues with shipping damage and returns, Ad 2’s direct problem-solving approach is more likely to overcome hesitation and persuade a cautious buyer.","** AD1 directly addresses potential customer anxiety about receiving a damaged or incomplete product—a concern echoed in several negative reviews—by promising responsive service and a clear return process. This builds trust and emotional reassurance, making it more persuasive for risk-averse buyers. AD2 focuses on a smooth, exciting purchase experience but lacks the specific problem-solving language that directly counters the common pitfalls highlighted in reviews. While AD2 is upbeat, AD1's argument is stronger because it acknowledges real consumer fears and offers a concrete solution, which is more likely to move a hesitant shopper toward purchase.

**WINNER: 1**"
B006CYVD5E,"Directly Cheap 6 String Acoustic Guitar Pack, Right Handed, Red (000-BT-GA3810R-RDS+Lessons)",Directly Cheap,String quality,TIE,1,1,"** AD 1 creates a stronger emotional pull by focusing on the exciting, lively sound of the strings, making practice feel rewarding from the start. It offers positive, specific arguments—bright ringing tone, teacher approval, and included extra strings—that build confidence and desire. AD 2, while practical and acknowledging frustration, takes a more defensive tone that may fail to inspire a beginner. The aspirational energy and clear benefit in AD 1 are more likely to move a consumer toward purchase.

**WINNER: 1**","AD1 directly addresses a common beginner pain point—tuning frustration—and frames the extra strings as a practical solution that builds confidence, which resonates emotionally with wary buyers (e.g., parents purchasing for a child). AD2 focuses on aspirational tone and excitement, but its claims about “bright, ringing steel strings” feel less grounded in the product’s actual quality concerns, making it slightly less convincing. While both ads are well-written, AD1’s problem-solving approach is more likely to overcome skepticism and move a consumer toward purchase."
B006CYVD5E,"Directly Cheap 6 String Acoustic Guitar Pack, Right Handed, Red (000-BT-GA3810R-RDS+Lessons)",Directly Cheap,Tuning stability,B,0,2,"** Ad 2 directly addresses a common frustration for beginners—constant retuning—and frames the product as a solution that saves time and reduces frustration, which creates a stronger emotional contrast and empathy. Ad 1 is more straightforward and positive, but it lacks the problem-solution dynamic that makes Ad 2 feel more relevant and reassuring to a hesitant buyer. Both ads mention geared tuning, but Ad 2’s phrasing (“so you can spend more time playing and less time readjusting”) gives a clearer, more tangible benefit that is likely to move a consumer toward purchase.

**WINNER: 2**","Both ads emphasize geared tuning and stability, but Ad 1 stands out by directly addressing a common beginner frustration—guitars that won't hold pitch—making the solution feel more relevant and empathetic. Its phrasing (""so learning feels smoother and less frustrating"") creates a stronger emotional contrast against the typical struggle, while Ad 2 is more generic and declarative. Although both are concise, Ad 1’s subtle problem-solution structure gives it a sharper persuasive pull, as it resonates with a real pain point for new players."
B002X49732,"Crescent MG38-CF 38"" Acoustic Guitar Starter Package, COFFEE (Includes CrescentTM Digital E-Tuner)",Crescent,Customer service / returns,B,0,2,"Ad 2 directly addresses a common consumer fear—receiving a defective or unsatisfactory product—by offering free return shipping as a concrete safety net. This creates a stronger emotional reassurance, especially given the negative reviews about damage and tuning issues, making the purchase feel lower risk. Ad 1 focuses on delivery and support but lacks a specific, actionable guarantee like free returns, which weakens its persuasive pull. While Ad 1 mentions responsive service, Ad 2’s clearer, more direct promise of hassle-free returns is more likely to move a hesitant buyer toward purchase.","Ad 1 directly addresses the primary consumer concern about risk by highlighting free return shipping and a safety net, which is a concrete and emotionally reassuring promise. In contrast, Ad 2 focuses on speed and support but does not explicitly guarantee a hassle-free return, making it less effective at overcoming hesitation. The negative reviews show that returns and damage are real issues, so Ad 1’s clear policy argument is more persuasive and likely to move a cautious buyer."
B002X49732,"Crescent MG38-CF 38"" Acoustic Guitar Starter Package, COFFEE (Includes CrescentTM Digital E-Tuner)",Crescent,String quality,A,2,0,"** AD 1 uses a positive, aspirational tone that emphasizes the rewarding feel and quality of the steel strings—clear, lively tone, dependable tuning, and smooth adaptability—which aligns well with a beginner’s desire for an enjoyable first experience. AD 2 takes a problem-solution approach by warning against poorly matched strings, then positioning the guitar as a solution; while logical, this framing can introduce doubt rather than inspire confidence. AD 1’s specific, emotion-driven language (“rewarding from the very first strum”) creates stronger emotional appeal and directly conveys the benefit of string quality, making it more persuasive for a consumer seeking a satisfying purchase.

**WINNER: 1**",
B002X49732,"Crescent MG38-CF 38"" Acoustic Guitar Starter Package, COFFEE (Includes CrescentTM Digital E-Tuner)",Crescent,Fret / neck setup,TIE,1,1,,"AD1 takes a problem-solving approach, directly addressing a common beginner pain point—frustrating fret/neck issues—and then ties specific construction features (linden binding, wood construction, geared tuning) to a more stable, playable setup. This creates a clear contrast with other starter guitars and builds trust through concrete details. AD2 uses positive, general language about ease and fun, but lacks the specific reasoning that makes AD1’s argument more convincing. While both aim for emotional resonance, AD1’s focus on avoiding frustration is more likely to resonate with beginners who fear a bad first experience, giving it stronger persuasive pull."
