asin,product_title,brand,topic,strategy,ad_text,emotional_resonance,argument_strength,specificity,purchase_motivation,reasoning_er,reasoning_as,reasoning_sp,reasoning_pm
B0000775G0,"Woodstock Chimes Home of The Original Guaranteed Musically Tuned Wind Zenergy Hand Chime for Classrooms Meditation Mindfulness and More, Solo",Woodstock Chimes,Product defects / returns,A,"Built to stay dependable through busy classroom days, repeated use, and the occasional drop, this hand chime keeps delivering the crisp, resonant tone you expect. Woodstock Chimes pairs lasting craftsmanship with sound that matches the listing, making it a satisfying choice to keep and enjoy.",3,3,3,3,"** The ad leans on reassurance — words like “dependable,” “lasting craftsmanship,” and “satisfying choice” aim to build trust and confidence. However, the language is flat and lacks vividness or emotional intensity. It doesn’t evoke a strong sense of relief, delight, or aspiration, staying firmly in generic, neutral territory. Score 3.

**Argument Strength:** The ad makes reasonable claims: durability through classroom use and drops, consistent sound quality, and craftsmanship that matches the listing. The logic is coherent but relies on broad statements (“lasts and lasts”) rather than concrete proof or differentiation. It’s not weak enough for a 2 but lacks the clarity or reasoning to reach a 4. Score 3.

**Specificity:** The ad includes specific scenarios (“busy classroom days,” “occasional drop”) and references the product name and a tangible outcome (“crisp, resonant tone”). However, phrases like “lasting craftsmanship” and “satisfying choice” are generic. Overall, it’s a balanced mix — neither highly precise nor entirely vague. Score 3.

**Purchase Motivation:** The ad addresses a real concern (defects/returns) by promising reliability and consistent sound, which could reassure hesitant buyers. But the language is unexciting and feels like a safe, forgettable pitch. It doesn’t create urgency or desire, nor does it actively discourage purchase — it’s neutral. Score 3.

## JSON","** The ad makes reasonable claims: durability through classroom use and drops, consistent sound quality, and craftsmanship that matches the listing. The logic is coherent but relies on broad statements (“lasts and lasts”) rather than concrete proof or differentiation. It’s not weak enough for a 2 but lacks the clarity or reasoning to reach a 4. Score 3.

**Specificity:** The ad includes specific scenarios (“busy classroom days,” “occasional drop”) and references the product name and a tangible outcome (“crisp, resonant tone”). However, phrases like “lasting craftsmanship” and “satisfying choice” are generic. Overall, it’s a balanced mix — neither highly precise nor entirely vague. Score 3.

**Purchase Motivation:** The ad addresses a real concern (defects/returns) by promising reliability and consistent sound, which could reassure hesitant buyers. But the language is unexciting and feels like a safe, forgettable pitch. It doesn’t create urgency or desire, nor does it actively discourage purchase — it’s neutral. Score 3.

## JSON","** The ad includes specific scenarios (“busy classroom days,” “occasional drop”) and references the product name and a tangible outcome (“crisp, resonant tone”). However, phrases like “lasting craftsmanship” and “satisfying choice” are generic. Overall, it’s a balanced mix — neither highly precise nor entirely vague. Score 3.

**Purchase Motivation:** The ad addresses a real concern (defects/returns) by promising reliability and consistent sound, which could reassure hesitant buyers. But the language is unexciting and feels like a safe, forgettable pitch. It doesn’t create urgency or desire, nor does it actively discourage purchase — it’s neutral. Score 3.

## JSON","** The ad addresses a real concern (defects/returns) by promising reliability and consistent sound, which could reassure hesitant buyers. But the language is unexciting and feels like a safe, forgettable pitch. It doesn’t create urgency or desire, nor does it actively discourage purchase — it’s neutral. Score 3.

## JSON"
B0000775G0,"Woodstock Chimes Home of The Original Guaranteed Musically Tuned Wind Zenergy Hand Chime for Classrooms Meditation Mindfulness and More, Solo",Woodstock Chimes,Product defects / returns,B,"Not every hand chime arrives exactly as hoped, but this one is backed to keep your purchase from feeling final if something is off. Its return eligibility directly addresses concerns about defects or quality, so you can order knowing you have a clear path forward.",3,3,2,3,"The ad takes a reassurance path, aiming to build trust and confidence by addressing potential buyer anxiety about defects. Phrases like ""keep your purchase from feeling final"" and ""clear path forward"" do evoke a mild sense of relief, but the language is flat and lacks vividness. The emotion is present but weak and generic, landing at a 3.","The core logic is sound: return eligibility directly addresses concerns about defects/quality, so ordering is safer. However, the claim is broad and lacks concrete details (e.g., return window, process). It feels like a general assurance rather than a specific, reasoned argument. This mix of specific (return eligibility) and generic execution yields a 3.","The ad uses only generic terms: ""hand chime,"" ""purchase,"" ""defects or quality."" No product name (Woodstock, Zenergy), no named features, no concrete outcomes or mechanisms. It could describe almost any product with a return policy. This is mostly generic, earning a 2.","The ad focuses entirely on risk reduction, removing a common barrier to purchase. For a buyer already interested in the chime, this may provide enough confidence to proceed. However, it offers no positive desire for the product itself—no benefits, beauty, or use cases. The motivation is neutral, neither compelling nor off-putting, so a 3.

**JSON**"
B0000775G0,"Woodstock Chimes Home of The Original Guaranteed Musically Tuned Wind Zenergy Hand Chime for Classrooms Meditation Mindfulness and More, Solo",Woodstock Chimes,Cymbals,A,"Beautiful, calming cymbal tones bloom with every gentle strike, creating clear resonance that instantly centers a classroom, meditation session, or healing space. Musically rich and deeply soothing, this Woodstock Chimes design brings lasting vibration and polished sound that make it the right choice for cymbals.",3,2,2,3,"** The ad uses pleasant words like “beautiful,” “calming,” and “deeply soothing,” which align with a reassurance path for meditation and classroom settings. However, the language is generic and lacks vivid imagery or a distinctive emotional hook; it feels flat rather than intensely evocative. This warrants a score of 3, as it is not poorly done but fails to reach a clearly resonant emotional tone.  

**Argument Strength:** The claims are almost entirely descriptive (“musically rich,” “lasting vibration”) without specific reasoning or concrete benefits. No causal logic is offered—why does it “instantly center” a room? What makes the sound “polished”? The ad reads like poetic fluff rather than a persuasive argument. This is a clear failure to build a logical case, scoring 2.  

**Specificity:** The ad mentions “Woodstock Chimes design” and “cymbal tones,” but otherwise uses vague, generic descriptors (“clear resonance,” “lasting vibration”) that could apply to many sound objects. Key differentiating features (handcrafted, silver aluminum rod, cherry finish, mallet) are omitted. This is mostly generic, earning a 2.  

**Purchase Motivation:** The ad is pleasant but not compelling. It creates mild desire through soothing language, yet offers no unique selling point or reason to act. It neither strongly motivates nor actively discourages, landing at a neutral 3—a truly mediocre short ad.  

**JSON**","** The claims are almost entirely descriptive (“musically rich,” “lasting vibration”) without specific reasoning or concrete benefits. No causal logic is offered—why does it “instantly center” a room? What makes the sound “polished”? The ad reads like poetic fluff rather than a persuasive argument. This is a clear failure to build a logical case, scoring 2.  

**Specificity:** The ad mentions “Woodstock Chimes design” and “cymbal tones,” but otherwise uses vague, generic descriptors (“clear resonance,” “lasting vibration”) that could apply to many sound objects. Key differentiating features (handcrafted, silver aluminum rod, cherry finish, mallet) are omitted. This is mostly generic, earning a 2.  

**Purchase Motivation:** The ad is pleasant but not compelling. It creates mild desire through soothing language, yet offers no unique selling point or reason to act. It neither strongly motivates nor actively discourages, landing at a neutral 3—a truly mediocre short ad.  

**JSON**","** The ad mentions “Woodstock Chimes design” and “cymbal tones,” but otherwise uses vague, generic descriptors (“clear resonance,” “lasting vibration”) that could apply to many sound objects. Key differentiating features (handcrafted, silver aluminum rod, cherry finish, mallet) are omitted. This is mostly generic, earning a 2.  

**Purchase Motivation:** The ad is pleasant but not compelling. It creates mild desire through soothing language, yet offers no unique selling point or reason to act. It neither strongly motivates nor actively discourages, landing at a neutral 3—a truly mediocre short ad.  

**JSON**","** The ad is pleasant but not compelling. It creates mild desire through soothing language, yet offers no unique selling point or reason to act. It neither strongly motivates nor actively discourages, landing at a neutral 3—a truly mediocre short ad.  

**JSON**"
B0000775G0,"Woodstock Chimes Home of The Original Guaranteed Musically Tuned Wind Zenergy Hand Chime for Classrooms Meditation Mindfulness and More, Solo",Woodstock Chimes,Cymbals,B,"Not every cymbal tone feels intentional and full—this one is tuned to sound clear, pleasing, and composed from the first strike. The musically tuned cymbals are crafted to produce a more refined resonance, so you get a more reassuring sound and a more confident choice.",3,4,2,3,"The ad attempts to evoke reassurance and confidence through phrases like ""reassuring sound"" and ""more confident choice."" However, the emotional appeal is muted and generic – it lacks vivid imagery or a compelling narrative that would make the feeling stick. The contrast with ""not every cymbal tone"" is a mild hook, but the overall tone remains flat rather than inspiring.","The ad makes a clear, comparative claim: this cymbal is tuned to sound clear, pleasing, and composed from the first strike, unlike others. It links the tuning to a refined resonance and then to a reassuring sound and confident choice, forming a logical chain. While the reasoning isn't deeply technical, it is coherent and specific enough to pass as a solid short-form argument.","The language is largely generic: ""clear, pleasing, composed,"" ""refined resonance,"" ""reassuring sound."" Only ""from the first strike"" and ""musically tuned"" offer concrete details. There are no named features, materials, or measurable outcomes – the ad could describe many premium cymbals. It falls short of the ""mostly specific"" threshold.","The ad positions the product as a better, more intentional option, which might appeal to buyers seeking quality sound. But the claims feel abstract (""more reassuring"") and lack urgency or a distinct benefit. It does not create a strong desire or make the product hard to ignore – it is neutral at best.

**JSON**"
B0000775G0,"Woodstock Chimes Home of The Original Guaranteed Musically Tuned Wind Zenergy Hand Chime for Classrooms Meditation Mindfulness and More, Solo",Woodstock Chimes,Small percussion accessories,A,"Clear, resonant tones turn a simple tap into a moment of focus, whether you want a soft cue for mindfulness or a brighter ring that instantly gathers the room. Lightweight and beautifully responsive, this is the right small percussion accessory for classrooms, meditation, and calm daily rituals.",3,3,2,3,"The ad attempts to evoke a calm, focused feeling through phrases like “moment of focus” and “calm daily rituals,” but the language remains generic and lacks vivid imagery or intensity. It neither excites nor deeply reassures, landing in a flat, middle-of-the-road territory.","It presents a clear causal connection—tap creates tones that focus individuals or gather a room—but the claims are broad and unsupported. There are no concrete details about sound quality, materials, or durability, making the logic feel thin and generic.","The copy relies heavily on vague descriptors such as “clear, resonant tones,” “lightweight,” and “beautifully responsive.” Only the mention of “soft cue for mindfulness” versus “brighter ring that instantly gathers the room” offers a concrete contrast. Overall, the language could describe many similar products.","The ad outlines a functional benefit (focus, gathering attention) but lacks compelling reasons to choose this specific chime over competitors. The tone is neutral—neither inspiring urgency nor creating strong desire—leaving a reader indifferent."
B0000775G0,"Woodstock Chimes Home of The Original Guaranteed Musically Tuned Wind Zenergy Hand Chime for Classrooms Meditation Mindfulness and More, Solo",Woodstock Chimes,Small percussion accessories,B,"Not every hand chime delivers a full, dependable ring—this one is musically tuned to sound clear and pleasing with every strike. Its tuned chime tone is designed to avoid weak, tinny notes, so you can lead class, meditation, or mindful moments with confidence.",3,4,4,4,"** The ad primarily appeals to reassurance—offering ""confidence"" in leading a group. However, the emotional cue is mild and intellectual rather than vivid; it doesn’t evoke strong excitement or relief, landing in the weak-to-generic range.  
**Argument Strength:** The core logic is clear: this chime is musically tuned to deliver a full, dependable ring and avoid weak, tinny notes, which directly addresses a common complaint. The claim is specific to the product’s design, though the reasoning is not deeply elaborated.  
**Specificity:** The language is mostly concrete: “full, dependable ring,” “musically tuned,” “weak, tinny notes.” The phrase “clear and pleasing” is somewhat generic but is the only vague element, keeping the ad product-specific overall.  
**Purchase Motivation:** The ad effectively tackles a key hesitation (unreliable sound quality) and presents a straightforward benefit for classroom/meditation use. It feels moderately motivating, leaning toward purchase without being highly compelling.","** The core logic is clear: this chime is musically tuned to deliver a full, dependable ring and avoid weak, tinny notes, which directly addresses a common complaint. The claim is specific to the product’s design, though the reasoning is not deeply elaborated.  
**Specificity:** The language is mostly concrete: “full, dependable ring,” “musically tuned,” “weak, tinny notes.” The phrase “clear and pleasing” is somewhat generic but is the only vague element, keeping the ad product-specific overall.  
**Purchase Motivation:** The ad effectively tackles a key hesitation (unreliable sound quality) and presents a straightforward benefit for classroom/meditation use. It feels moderately motivating, leaning toward purchase without being highly compelling.","** The language is mostly concrete: “full, dependable ring,” “musically tuned,” “weak, tinny notes.” The phrase “clear and pleasing” is somewhat generic but is the only vague element, keeping the ad product-specific overall.  
**Purchase Motivation:** The ad effectively tackles a key hesitation (unreliable sound quality) and presents a straightforward benefit for classroom/meditation use. It feels moderately motivating, leaning toward purchase without being highly compelling.","** The ad effectively tackles a key hesitation (unreliable sound quality) and presents a straightforward benefit for classroom/meditation use. It feels moderately motivating, leaning toward purchase without being highly compelling."
B0187KO8X4,"Alesis Nitro Kit | Electronic Drum Set with 8"" Snare, 8"" Toms, and 10"" Cymbals",Alesis,Product defects / returns,A,"Everything arrives ready to come together smoothly, with the essential pieces in place and performance that works right from assembly. The Alesis Nitro Kit delivers the complete, functional setup drummers want, making it the right choice for avoiding return-worthy surprises.",2,2,2,2,"** The ad attempts to evoke reassurance (trust, relief) by promising smooth assembly and defect-free performance, but the language is flat and generic. No vivid emotion or compelling tone emerges – it reads like a cautious statement rather than a feeling of confidence or delight. This minimal emotional impact scores a 2.  

**Argument Strength:** The claims – “everything arrives ready,” “performance that works right from assembly,” “avoiding return-worthy surprises” – are broad assertions with no supporting reasoning. They lack concrete evidence or logical structure, essentially promising a trouble-free experience without explaining how. This generic argumentation merits a 2.  

**Specificity:** The ad only names the product (“Alesis Nitro Kit”) and uses vague phrases like “essential pieces” and “complete, functional setup.” No specific features (pad sizes, cymbal types, module details) are mentioned. The language could describe almost any electronic drum kit, making it mostly generic. Score: 2.  

**Purchase Motivation:** The ad tries to reduce purchase anxiety by focusing on avoiding returns, but the hollow, unsupported promises feel like empty marketing fluff. Given the negative reviews about actual defects, the ad may actively undermine trust rather than build desire. It does not compel action and comes across as mildly discouraging. Score: 2.  

**JSON**","** The claims – “everything arrives ready,” “performance that works right from assembly,” “avoiding return-worthy surprises” – are broad assertions with no supporting reasoning. They lack concrete evidence or logical structure, essentially promising a trouble-free experience without explaining how. This generic argumentation merits a 2.  

**Specificity:** The ad only names the product (“Alesis Nitro Kit”) and uses vague phrases like “essential pieces” and “complete, functional setup.” No specific features (pad sizes, cymbal types, module details) are mentioned. The language could describe almost any electronic drum kit, making it mostly generic. Score: 2.  

**Purchase Motivation:** The ad tries to reduce purchase anxiety by focusing on avoiding returns, but the hollow, unsupported promises feel like empty marketing fluff. Given the negative reviews about actual defects, the ad may actively undermine trust rather than build desire. It does not compel action and comes across as mildly discouraging. Score: 2.  

**JSON**","** The ad only names the product (“Alesis Nitro Kit”) and uses vague phrases like “essential pieces” and “complete, functional setup.” No specific features (pad sizes, cymbal types, module details) are mentioned. The language could describe almost any electronic drum kit, making it mostly generic. Score: 2.  

**Purchase Motivation:** The ad tries to reduce purchase anxiety by focusing on avoiding returns, but the hollow, unsupported promises feel like empty marketing fluff. Given the negative reviews about actual defects, the ad may actively undermine trust rather than build desire. It does not compel action and comes across as mildly discouraging. Score: 2.  

**JSON**","** The ad tries to reduce purchase anxiety by focusing on avoiding returns, but the hollow, unsupported promises feel like empty marketing fluff. Given the negative reviews about actual defects, the ad may actively undermine trust rather than build desire. It does not compel action and comes across as mildly discouraging. Score: 2.  

**JSON**"
B0187KO8X4,"Alesis Nitro Kit | Electronic Drum Set with 8"" Snare, 8"" Toms, and 10"" Cymbals",Alesis,Product defects / returns,B,"Not every electronic drum kit shows up fully dependable—this one is built to. The Alesis Nitro Kit pairs reliable quality control with complete, tested components in the box, so you can skip return hassles and move straight into confident practice.",4,3,2,3,"** The ad takes a reassurance path, directly addressing the common anxiety about receiving a defective product. The opening line (""Not every electronic drum kit shows up fully dependable"") creates a brief worry, then immediately resolves it with a promise of reliability. The phrase ""skip return hassles and move straight into confident practice"" evokes relief and confidence. While the emotion is clear and appropriate, it lacks vividness or strong intensity—it’s functional rather than memorable. For a short ad, this is a solid but not outstanding emotional appeal. I’d rate it a 4.

**Argument Strength:** The ad makes a core claim: the kit is dependable because it has “reliable quality control” and “complete, tested components.” However, it offers no concrete reasoning or evidence (e.g., no mention of specific testing procedures, return rates, or third-party assurances). The logic is sound in structure (cause → effect), but the claims are generic and could apply to many competing products. This mix of a clear logical flow with generic specificity places it at a 3.

**Specificity:** The ad mentions the product name (“Alesis Nitro Kit”) and uses phrases like “tested components,” but otherwise relies on generic language: “reliable quality control,” “return hassles,” “confident practice.” There are no concrete features, dimensions, or mechanisms—nothing that distinguishes this product from other electronic drum kits in terms of reliability. The lack of product-specific details makes it mostly generic, earning a 2.

**Purchase Motivation:** The ad attempts to motivate by removing a key barrier (fear of defects) and promising a hassle-free experience. For a buyer worried about returns, this could be appealing. However, the claims are unsubstantiated and feel hollow when compared to the mixed reviews in the provided data (which include actual defect reports). The ad does not create strong desire or urgency; it’s neutral at best—it neither actively encourages nor discourages purchase. A score of 3 is appropriate.","** The ad makes a core claim: the kit is dependable because it has “reliable quality control” and “complete, tested components.” However, it offers no concrete reasoning or evidence (e.g., no mention of specific testing procedures, return rates, or third-party assurances). The logic is sound in structure (cause → effect), but the claims are generic and could apply to many competing products. This mix of a clear logical flow with generic specificity places it at a 3.

**Specificity:** The ad mentions the product name (“Alesis Nitro Kit”) and uses phrases like “tested components,” but otherwise relies on generic language: “reliable quality control,” “return hassles,” “confident practice.” There are no concrete features, dimensions, or mechanisms—nothing that distinguishes this product from other electronic drum kits in terms of reliability. The lack of product-specific details makes it mostly generic, earning a 2.

**Purchase Motivation:** The ad attempts to motivate by removing a key barrier (fear of defects) and promising a hassle-free experience. For a buyer worried about returns, this could be appealing. However, the claims are unsubstantiated and feel hollow when compared to the mixed reviews in the provided data (which include actual defect reports). The ad does not create strong desire or urgency; it’s neutral at best—it neither actively encourages nor discourages purchase. A score of 3 is appropriate.","** The ad mentions the product name (“Alesis Nitro Kit”) and uses phrases like “tested components,” but otherwise relies on generic language: “reliable quality control,” “return hassles,” “confident practice.” There are no concrete features, dimensions, or mechanisms—nothing that distinguishes this product from other electronic drum kits in terms of reliability. The lack of product-specific details makes it mostly generic, earning a 2.

**Purchase Motivation:** The ad attempts to motivate by removing a key barrier (fear of defects) and promising a hassle-free experience. For a buyer worried about returns, this could be appealing. However, the claims are unsubstantiated and feel hollow when compared to the mixed reviews in the provided data (which include actual defect reports). The ad does not create strong desire or urgency; it’s neutral at best—it neither actively encourages nor discourages purchase. A score of 3 is appropriate.","** The ad attempts to motivate by removing a key barrier (fear of defects) and promising a hassle-free experience. For a buyer worried about returns, this could be appealing. However, the claims are unsubstantiated and feel hollow when compared to the mixed reviews in the provided data (which include actual defect reports). The ad does not create strong desire or urgency; it’s neutral at best—it neither actively encourages nor discourages purchase. A score of 3 is appropriate."
B0187KO8X4,"Alesis Nitro Kit | Electronic Drum Set with 8"" Snare, 8"" Toms, and 10"" Cymbals",Alesis,Electronic drums / practice pad,A,"Quiet practice feels remarkably natural, with responsive pads that let every snare hit, tom run, and kick pattern land with satisfying control. The Alesis Nitro Kit pairs comfortable electronic drums with expressive module sounds, making it the right choice for immersive practice pad performance at home.",3,2,2,3,"The ad uses words like ""remarkably natural,"" ""satisfying control,"" and ""immersive"" to suggest a positive, reassuring practice experience. However, the emotional tone is mild and lacks vividness or intensity; it feels competent but not deeply resonant. A score of 3 reflects this flat but not negative emotional cueing.","The ad claims quiet practice that feels natural and responsive, with expressive module sounds, but provides no concrete reasoning or evidence. It does not explain why the pads are responsive or how the module achieves expressiveness, reading more like a generic endorsement than a structured argument. This merits a 2.","No product-specific features (e.g., pad sizes, dual-zone snare, aluminum rack) are mentioned; the language is entirely generic (""responsive pads,"" ""expressive module sounds,"" ""comfortable electronic drums""). The ad lacks any concrete naming or mechanism, earning a 2.","While the ad presents a plausible benefit (quiet, natural practice at home), it does not offer compelling details or differentiation. The phrasing ""the right choice"" is mildly persuasive but not urgent or memorable, leaving the reader neutral. A score of 3 is appropriate."
B0187KO8X4,"Alesis Nitro Kit | Electronic Drum Set with 8"" Snare, 8"" Toms, and 10"" Cymbals",Alesis,Electronic drums / practice pad,B,"Not every electronic drum kit responds the way your hands and feet expect—this one is built to keep practice smooth and dependable. The Alesis Nitro Kit’s responsive snare, tom, and kick pad setup gives you more consistent triggering, so you can focus on timing, technique, and steady progress.",3,4,3,3,"The ad attempts a reassuring tone, promising smooth and dependable practice. However, the language is mild and lacks vividness or a strong emotional hook. It doesn't evoke excitement, aspiration, or deep confidence—it reads as cautious and functional. This puts it at a weak/generic emotional level rather than a resonant one.","The core claim—consistent triggering from responsive pads—is specific and logically tied to the benefit of focusing on timing and technique. This is a sound, if simple, argument. While it doesn't detail mechanisms, the reasoning is clear and avoids fluff, making it mostly specific with a coherent logic.","The ad names the product, mentions snare, tom, and kick pads, and uses the phrase ""consistent triggering."" However, it lacks concrete details like pad sizes, materials, or module features. The language is a balanced mix of specific product references and generic descriptors (""responsive,"" ""smooth""), so it falls in the middle.","The ad creates a modest desire by addressing a common pain point (unresponsive kits) and offering a solution for focused practice. It is not particularly compelling—no urgency, price appeal, or strong differentiation—but it doesn't discourage either. It feels neutral, making it neither motivating nor off-putting."
B001O5VZ0E,"2.5” Tingsha Bell Cymbals Set - Om Nama Shivay Embossed Tibetan Chimes - Great for Yoga, Meditation, Spiritual, Mindfulness or Relaxation - Handmade in Nepal",TM THAMELMART FOR BEAUTIFUL MINDS,Product defects / returns,A,"Arrives ready to keep and enjoy, with a sturdy feel, clean presentation, and a soothing tone that makes every meditation space feel more intentional. Handmade in Nepal and selected for sound quality, this tingsha set is an easy choice when you want fewer return worries and a giftable finish.",3,3,2,3,"** The ad leans on a reassurance path—phrases like “fewer return worries” and “selected for sound quality” aim to build trust and relief. However, the emotional cues are mild and generic (“soothing tone,” “intentional”), lacking vividness or intensity. The overall tone is functional rather than evocative, placing it at a flat, mediocre level.

**Argument Strength:** The central claim is that the set is “selected for sound quality” to reduce return concerns, which is a reasonable but unsupported assertion. “Handmade in Nepal” adds a factual anchor, but the rest (“sturdy feel,” “clean presentation,” “giftable finish”) are vague and could apply to many products. The logic is present but weak, mixing specific and generic elements.

**Specificity:** The language is largely generic: “sturdy feel,” “clean presentation,” “soothing tone,” “easy choice,” “giftable finish.” Only “handmade in Nepal” and “selected for sound quality” are remotely product-specific, but even these lack concrete details (e.g., metal composition, sound characteristics). The ad reads as a general reassurance template.

**Purchase Motivation:** The ad offers a mild incentive (“fewer return worries”) and a gift appeal, but the claims feel hollow and uninspired. It neither excites nor strongly persuades; it simply states the product is reliable. For a short ad, it does not create clear desire or urgency, making it neutral at best.

## JSON","** The central claim is that the set is “selected for sound quality” to reduce return concerns, which is a reasonable but unsupported assertion. “Handmade in Nepal” adds a factual anchor, but the rest (“sturdy feel,” “clean presentation,” “giftable finish”) are vague and could apply to many products. The logic is present but weak, mixing specific and generic elements.

**Specificity:** The language is largely generic: “sturdy feel,” “clean presentation,” “soothing tone,” “easy choice,” “giftable finish.” Only “handmade in Nepal” and “selected for sound quality” are remotely product-specific, but even these lack concrete details (e.g., metal composition, sound characteristics). The ad reads as a general reassurance template.

**Purchase Motivation:** The ad offers a mild incentive (“fewer return worries”) and a gift appeal, but the claims feel hollow and uninspired. It neither excites nor strongly persuades; it simply states the product is reliable. For a short ad, it does not create clear desire or urgency, making it neutral at best.

## JSON","** The language is largely generic: “sturdy feel,” “clean presentation,” “soothing tone,” “easy choice,” “giftable finish.” Only “handmade in Nepal” and “selected for sound quality” are remotely product-specific, but even these lack concrete details (e.g., metal composition, sound characteristics). The ad reads as a general reassurance template.

**Purchase Motivation:** The ad offers a mild incentive (“fewer return worries”) and a gift appeal, but the claims feel hollow and uninspired. It neither excites nor strongly persuades; it simply states the product is reliable. For a short ad, it does not create clear desire or urgency, making it neutral at best.

## JSON","** The ad offers a mild incentive (“fewer return worries”) and a gift appeal, but the claims feel hollow and uninspired. It neither excites nor strongly persuades; it simply states the product is reliable. For a short ad, it does not create clear desire or urgency, making it neutral at best.

## JSON"
B001O5VZ0E,"2.5” Tingsha Bell Cymbals Set - Om Nama Shivay Embossed Tibetan Chimes - Great for Yoga, Meditation, Spiritual, Mindfulness or Relaxation - Handmade in Nepal",TM THAMELMART FOR BEAUTIFUL MINDS,Product defects / returns,B,"Not every handmade tingsha set delivers a clear, harmonious ring and clean finish—this one is crafted to do both, so you can order without second-guessing a return. Traditional handmade craftsmanship by Tibetan artisans in Nepal, plus hand selection and sound-quality inspection, gives you a meditation chime set you can trust from the start.",4,4,4,4,"The ad takes the reassurance path, directly addressing the fear of receiving a defective product. Phrases like “order without second-guessing a return” and “you can trust from the start” evoke a clear sense of relief and confidence. However, the emotion is calm and functional rather than vivid or intense, which keeps it from reaching a 5.","The ad makes a logical argument by contrasting generic tingsha sets with this one, citing specific attributes (“clear, harmonious ring and clean finish”) and a concrete process (“hand selection and sound-quality inspection”). The reasoning is sound and concise, though it lacks deeper elaboration (e.g., explaining how inspection works) that would elevate it to a 5.","The language is product-specific: “handmade tingsha set,” “clear, harmonious ring,” “clean finish,” “hand selection,” “sound-quality inspection,” “Tibetan artisans in Nepal.” There are no vague superlatives like “great quality.” Every phrase ties directly to the product or its verification process. This is near the top of the scale, but a single generic phrase (“you can trust”) keeps it just shy of a 5.","The ad effectively reduces hesitation by promising a defect-free experience, which is a strong motivator for risk-averse buyers. It creates a clear reason to choose this set over others. However, it does not generate excitement or aspiration; the motivation is pragmatic rather than compelling. This makes it noticeably motivating but not outstanding."
B001O5VZ0E,"2.5” Tingsha Bell Cymbals Set - Om Nama Shivay Embossed Tibetan Chimes - Great for Yoga, Meditation, Spiritual, Mindfulness or Relaxation - Handmade in Nepal",TM THAMELMART FOR BEAUTIFUL MINDS,Small percussion accessories,A,"A clear, soothing ring turns every tap into a grounding moment, while the solid brass feel and lasting tone bring real presence to yoga, meditation, and mindful class settings. Handmade in Nepal with an embossed mantra and durable construction, this is the small percussion accessory that feels as beautiful as it sounds.",4,3,3,4,"** The ad evokes a calm, grounding feeling through phrases like ""soothing ring"" and ""grounding moment,"" aiming for a peaceful, reassuring tone. It succeeds in creating a clear emotional atmosphere of tranquility and presence, but the language remains somewhat generic—""real presence"" and ""beautiful"" are pleasant but not uniquely vivid. This is a solid emotional pitch for a short ad, earning a 4.

**Argument Strength:** The ad makes several concrete claims: a clear soothing ring, solid brass feel, lasting tone, handmade in Nepal, embossed mantra, and durable construction. However, these are asserted without any reasoning or explanation of why they matter—e.g., ""lasting tone"" is stated but not tied to a benefit beyond ""real presence."" It's a mix of specific and generic assertions, lacking a clear logical chain, which places it at a 3.

**Specificity:** The ad includes product-specific details such as ""solid brass feel,"" ""lasting tone,"" ""handmade in Nepal,"" and ""embossed mantra,"" but also relies on generic descriptors like ""clear, soothing ring,"" ""real presence,"" ""durable construction,"" and ""feels as beautiful as it sounds."" The balance is roughly even, not predominantly precise nor purely vague, so it scores a 3.

**Purchase Motivation:** The ad effectively positions the product as a meaningful addition to yoga and meditation practices, emphasizing sensory delight and craftsmanship. The promise of a ""grounding moment"" and ""real presence"" creates a mild but noticeable desire, and the closing line ""feels as beautiful as it sounds"" reinforces quality. It is motivating without being overly compelling, making it a 4.

## JSON","** The ad makes several concrete claims: a clear soothing ring, solid brass feel, lasting tone, handmade in Nepal, embossed mantra, and durable construction. However, these are asserted without any reasoning or explanation of why they matter—e.g., ""lasting tone"" is stated but not tied to a benefit beyond ""real presence."" It's a mix of specific and generic assertions, lacking a clear logical chain, which places it at a 3.

**Specificity:** The ad includes product-specific details such as ""solid brass feel,"" ""lasting tone,"" ""handmade in Nepal,"" and ""embossed mantra,"" but also relies on generic descriptors like ""clear, soothing ring,"" ""real presence,"" ""durable construction,"" and ""feels as beautiful as it sounds."" The balance is roughly even, not predominantly precise nor purely vague, so it scores a 3.

**Purchase Motivation:** The ad effectively positions the product as a meaningful addition to yoga and meditation practices, emphasizing sensory delight and craftsmanship. The promise of a ""grounding moment"" and ""real presence"" creates a mild but noticeable desire, and the closing line ""feels as beautiful as it sounds"" reinforces quality. It is motivating without being overly compelling, making it a 4.

## JSON","** The ad includes product-specific details such as ""solid brass feel,"" ""lasting tone,"" ""handmade in Nepal,"" and ""embossed mantra,"" but also relies on generic descriptors like ""clear, soothing ring,"" ""real presence,"" ""durable construction,"" and ""feels as beautiful as it sounds."" The balance is roughly even, not predominantly precise nor purely vague, so it scores a 3.

**Purchase Motivation:** The ad effectively positions the product as a meaningful addition to yoga and meditation practices, emphasizing sensory delight and craftsmanship. The promise of a ""grounding moment"" and ""real presence"" creates a mild but noticeable desire, and the closing line ""feels as beautiful as it sounds"" reinforces quality. It is motivating without being overly compelling, making it a 4.

## JSON","** The ad effectively positions the product as a meaningful addition to yoga and meditation practices, emphasizing sensory delight and craftsmanship. The promise of a ""grounding moment"" and ""real presence"" creates a mild but noticeable desire, and the closing line ""feels as beautiful as it sounds"" reinforces quality. It is motivating without being overly compelling, making it a 4.

## JSON"
B001O5VZ0E,"2.5” Tingsha Bell Cymbals Set - Om Nama Shivay Embossed Tibetan Chimes - Great for Yoga, Meditation, Spiritual, Mindfulness or Relaxation - Handmade in Nepal",TM THAMELMART FOR BEAUTIFUL MINDS,Small percussion accessories,B,"Not every meditation chime delivers a clean, balanced ring—this one is crafted to sound clear, soothing, and steady, so your practice begins without distraction. Its hand-selected sound quality and traditional seven-metal Tibetan construction help produce a lasting tone you can trust for calm, focused sessions.",4,4,5,4,"** The ad leans heavily on the reassurance path—it directly addresses a common frustration (unreliable chime sound) and offers confidence through phrases like ""hand-selected sound quality"" and ""tone you can trust."" This creates a mild but clear sense of relief and reliability. However, the emotional intensity is moderate; it doesn't inspire excitement or deep delight. It's effective for a short ad but stops short of vivid emotional impact.

**Argument Strength:** The logic is sound and specific: the ad claims that because of traditional seven-metal construction and hand-selection, the chime produces a clean, balanced, lasting tone. This is a concrete causal link. While it doesn't provide technical details (e.g., why seven metals matter), the reasoning is clear enough for the format. It avoids generic fluff and builds a coherent mini-argument.

**Specificity:** The language is uniformly concrete: ""clean, balanced ring,"" ""clear, soothing, steady,"" ""hand-selected sound quality,"" ""traditional seven-metal Tibetan construction,"" ""lasting tone."" Every phrase is product-specific and avoids vague descriptors. No generic filler like ""great quality"" appears. This is nearly perfect for a short ad.

**Purchase Motivation:** The ad effectively creates desire by first highlighting a problem (imperfect chimes) and then positioning this product as the trustworthy solution. It implies a smoother, more focused meditation practice without distraction—a clear benefit. While it doesn't include a direct call to action or urgency, the net effect is positive and mildly compelling. It likely nudges a buyer toward consideration without being pushy.","** The logic is sound and specific: the ad claims that because of traditional seven-metal construction and hand-selection, the chime produces a clean, balanced, lasting tone. This is a concrete causal link. While it doesn't provide technical details (e.g., why seven metals matter), the reasoning is clear enough for the format. It avoids generic fluff and builds a coherent mini-argument.

**Specificity:** The language is uniformly concrete: ""clean, balanced ring,"" ""clear, soothing, steady,"" ""hand-selected sound quality,"" ""traditional seven-metal Tibetan construction,"" ""lasting tone."" Every phrase is product-specific and avoids vague descriptors. No generic filler like ""great quality"" appears. This is nearly perfect for a short ad.

**Purchase Motivation:** The ad effectively creates desire by first highlighting a problem (imperfect chimes) and then positioning this product as the trustworthy solution. It implies a smoother, more focused meditation practice without distraction—a clear benefit. While it doesn't include a direct call to action or urgency, the net effect is positive and mildly compelling. It likely nudges a buyer toward consideration without being pushy.","** The language is uniformly concrete: ""clean, balanced ring,"" ""clear, soothing, steady,"" ""hand-selected sound quality,"" ""traditional seven-metal Tibetan construction,"" ""lasting tone."" Every phrase is product-specific and avoids vague descriptors. No generic filler like ""great quality"" appears. This is nearly perfect for a short ad.

**Purchase Motivation:** The ad effectively creates desire by first highlighting a problem (imperfect chimes) and then positioning this product as the trustworthy solution. It implies a smoother, more focused meditation practice without distraction—a clear benefit. While it doesn't include a direct call to action or urgency, the net effect is positive and mildly compelling. It likely nudges a buyer toward consideration without being pushy.","** The ad effectively creates desire by first highlighting a problem (imperfect chimes) and then positioning this product as the trustworthy solution. It implies a smoother, more focused meditation practice without distraction—a clear benefit. While it doesn't include a direct call to action or urgency, the net effect is positive and mildly compelling. It likely nudges a buyer toward consideration without being pushy."
B001O5VZ0E,"2.5” Tingsha Bell Cymbals Set - Om Nama Shivay Embossed Tibetan Chimes - Great for Yoga, Meditation, Spiritual, Mindfulness or Relaxation - Handmade in Nepal",TM THAMELMART FOR BEAUTIFUL MINDS,Singing bowls / meditation,A,"A clear, beautiful chime fills your meditation space with soothing resonance, creating an instant sense of calm for yoga, mindfulness, and sound healing. Handmade in Nepal, these Om Nama Shivay embossed Tingsha cymbals deliver a balanced tone and lingering vibration that make them a natural choice for meditation practice.",4,3,4,3,"** The advertisement evokes a clear, calm emotional tone with phrases like “clear, beautiful chime,” “soothing resonance,” and “instant sense of calm.” While not intensely vivid, it effectively creates a peaceful, reassuring feeling appropriate for meditation and mindfulness contexts. This aligns with a 4 (clear emotional tone that resonates).  
- **Argument Strength:** The ad makes specific claims—handmade in Nepal, embossed mantra, balanced tone, lingering vibration—but lacks deeper reasoning or evidence for why these features lead to superior sound or experience. Some statements (“instant sense of calm”) are hyperbolic and unsupported, resulting in a mix of specific and generic elements. Score 3 (mix of specific and generic).  
- **Specificity:** The copy includes product-specific details (Tingsha cymbals, 2.5”, Om Nama Shivay embossed, handmade in Nepal, balanced tone, lingering vibration) alongside a few generic descriptors (“clear, beautiful chime,” “soothing resonance,” “natural choice”). Overall, concrete attributes outweigh the generic phrasing, earning a 4 (mostly specific).  
- **Purchase Motivation:** The ad paints an appealing scene but does not present a compelling unique benefit or urgency. It feels pleasant but neutral—neither strongly motivating nor off-putting. For a short-form ad, it lacks the vividness or distinctiveness to spark desire beyond a lukewarm interest. Score 3 (neutral; neither motivates nor discourages).

**JSON**","** The ad makes specific claims—handmade in Nepal, embossed mantra, balanced tone, lingering vibration—but lacks deeper reasoning or evidence for why these features lead to superior sound or experience. Some statements (“instant sense of calm”) are hyperbolic and unsupported, resulting in a mix of specific and generic elements. Score 3 (mix of specific and generic).  
- **Specificity:** The copy includes product-specific details (Tingsha cymbals, 2.5”, Om Nama Shivay embossed, handmade in Nepal, balanced tone, lingering vibration) alongside a few generic descriptors (“clear, beautiful chime,” “soothing resonance,” “natural choice”). Overall, concrete attributes outweigh the generic phrasing, earning a 4 (mostly specific).  
- **Purchase Motivation:** The ad paints an appealing scene but does not present a compelling unique benefit or urgency. It feels pleasant but neutral—neither strongly motivating nor off-putting. For a short-form ad, it lacks the vividness or distinctiveness to spark desire beyond a lukewarm interest. Score 3 (neutral; neither motivates nor discourages).

**JSON**","** The copy includes product-specific details (Tingsha cymbals, 2.5”, Om Nama Shivay embossed, handmade in Nepal, balanced tone, lingering vibration) alongside a few generic descriptors (“clear, beautiful chime,” “soothing resonance,” “natural choice”). Overall, concrete attributes outweigh the generic phrasing, earning a 4 (mostly specific).  
- **Purchase Motivation:** The ad paints an appealing scene but does not present a compelling unique benefit or urgency. It feels pleasant but neutral—neither strongly motivating nor off-putting. For a short-form ad, it lacks the vividness or distinctiveness to spark desire beyond a lukewarm interest. Score 3 (neutral; neither motivates nor discourages).

**JSON**","** The ad paints an appealing scene but does not present a compelling unique benefit or urgency. It feels pleasant but neutral—neither strongly motivating nor off-putting. For a short-form ad, it lacks the vividness or distinctiveness to spark desire beyond a lukewarm interest. Score 3 (neutral; neither motivates nor discourages).

**JSON**"
B001O5VZ0E,"2.5” Tingsha Bell Cymbals Set - Om Nama Shivay Embossed Tibetan Chimes - Great for Yoga, Meditation, Spiritual, Mindfulness or Relaxation - Handmade in Nepal",TM THAMELMART FOR BEAUTIFUL MINDS,Singing bowls / meditation,B,"Not every meditation chime delivers a clean, lasting ring—this one is crafted to sound clear, soothing, and beautifully sustained, so your practice begins without distraction. Made by Tibetan artisans in Nepal from traditional seven-metal bell metal and hand selected for sound quality, these Tingsha cymbals give you dependable tone and greater peace of mind.",4,5,5,4,"The ad takes a reassurance path by acknowledging a common frustration (""not every meditation chime delivers a clean, lasting ring"") and then positioning this product as the reliable solution. It evokes a calm sense of trust and relief, particularly through the phrases ""so your practice begins without distraction"" and ""greater peace of mind."" While the emotional tone is clear and appropriate for the product, it is not especially vivid or intense—it stays in a comfortable, professional register rather than aiming for delight or strong excitement. This merits a solid 4.","The ad presents specific, concrete claims with clear causal reasoning. It explains *why* the cymbals sound clear and sustained: they are crafted by Tibetan artisans in Nepal from traditional seven-metal bell metal and are hand-selected for sound quality. The contrast with inferior chimes (""not every meditation chime..."") sets up a logical problem-solution structure. There is no vague praise or filler—every sentence advances a reasoned argument for the product's dependability. This meets the criteria for a 5.","The language is highly product-specific. It names the product (""Tingsha cymbals""), the origin (""Tibetan artisans in Nepal""), the material (""traditional seven-metal bell metal""), and a quality-control step (""hand selected for sound quality""). The benefits (""clean, lasting ring"", ""dependable tone"") are also tied directly to these specifics. The only mild abstraction is ""greater peace of mind,"" which is a reasonable outcome rather than a generic claim. Overall, the ad is precise and concrete throughout, earning a 5.","The ad effectively creates desire by first highlighting a common shortcoming of similar products, then offering a credibly differentiated solution backed by craftsmanship and quality control. The tone is reassuring and authoritative, which should incline a buyer looking for a reliable meditation tool toward purchase. However, it lacks any urgency or emotional hook that would make it ""hard to dismiss""—it is competent but not dazzling. For a short ad, it does its job well, but the motivation is more rational than compelling, so it lands at a 4."
